labeled_ratio,trial,seed,method,round_idx,epoch_in_round,global_epoch,train_loss,train_acc,val_loss,val_acc,val_f1,val_acc_improvement
0.05,1,42,manual,1,1,1,2.077182,0.255111,1.888456,0.3198,0.295829,0.0
0.05,1,42,manual,1,2,2,1.692887,0.409778,1.666571,0.403,0.385495,0.0832
0.05,1,42,manual,1,3,3,1.468232,0.481333,1.643302,0.4108,0.399089,0.0078
0.05,1,42,manual,1,4,4,1.299766,0.552,1.525872,0.4462,0.427299,0.0354
0.05,1,42,manual,2,1,5,1.057627,0.629321,1.474792,0.4722,0.462065,0.026
0.05,1,42,manual,2,2,6,0.887935,0.701232,1.497812,0.4744,0.456673,0.0022
0.05,1,42,manual,2,3,7,0.772444,0.740961,1.581914,0.4714,0.467578,-0.003
0.05,1,42,manual,2,4,8,0.641313,0.784267,1.538597,0.4928,0.487973,0.0214
0.05,1,42,manual,3,1,9,0.499003,0.83593,1.634771,0.4996,0.487262,0.0068
0.05,1,42,manual,3,2,10,0.370928,0.881339,1.652893,0.497,0.497312,-0.0026
0.05,1,42,manual,3,3,11,0.262398,0.917136,1.868984,0.4868,0.47348,-0.0102
0.05,1,42,manual,3,4,12,0.194501,0.946304,2.055303,0.4888,0.4846,0.002
0.05,1,42,pso,1,1,1,2.099597,0.239556,1.882608,0.3414,0.311016,0.0
0.05,1,42,pso,1,2,2,1.702334,0.411556,1.71365,0.391,0.36566,0.0496
0.05,1,42,pso,1,3,3,1.494189,0.483556,1.606824,0.4256,0.426346,0.0346
0.05,1,42,pso,1,4,4,1.331421,0.535556,1.540068,0.4426,0.438218,0.017
0.05,1,42,pso,2,1,5,1.079431,0.63074,1.549483,0.4462,0.446644,0.0036
0.05,1,42,pso,2,2,6,0.933638,0.677419,1.52806,0.455,0.451703,0.0088
0.05,1,42,pso,2,3,7,0.831962,0.711954,1.531221,0.4718,0.46713,0.0168
0.05,1,42,pso,2,4,8,0.741352,0.744972,1.517303,0.4778,0.470831,0.006
0.05,1,42,pso,3,1,9,0.50407,0.825581,1.596669,0.4778,0.469439,0.0
0.05,1,42,pso,3,2,10,0.399345,0.860994,1.682248,0.4704,0.462381,-0.0074
0.05,1,42,pso,3,3,11,0.323785,0.89482,1.791769,0.471,0.455199,0.0006
0.05,1,42,pso,3,4,12,0.263626,0.913055,1.851843,0.4726,0.463501,0.0016
0.05,2,43,manual,1,1,1,2.044512,0.249778,1.862078,0.3352,0.326137,0.0
0.05,2,43,manual,1,2,2,1.669768,0.403111,1.661153,0.389,0.367213,0.0538
0.05,2,43,manual,1,3,3,1.40818,0.501333,1.55266,0.4396,0.433752,0.0506
0.05,2,43,manual,1,4,4,1.2344,0.548889,1.500831,0.4552,0.455876,0.0156
0.05,2,43,manual,2,1,5,1.037227,0.645747,1.496414,0.47,0.466534,0.0148
0.05,2,43,manual,2,2,6,0.854721,0.69777,1.600458,0.4514,0.449789,-0.0186
0.05,2,43,manual,2,3,7,0.713026,0.76507,1.585916,0.4812,0.483687,0.0298
0.05,2,43,manual,2,4,8,0.588566,0.797275,1.607903,0.4908,0.49102,0.0096
0.05,2,43,manual,3,1,9,0.505857,0.821013,1.614545,0.4902,0.485625,-0.0006
0.05,2,43,manual,3,2,10,0.325972,0.893908,1.829227,0.4846,0.492672,-0.0056
0.05,2,43,manual,3,3,11,0.242133,0.933265,1.929715,0.495,0.486784,0.0104
0.05,2,43,manual,3,4,12,0.167764,0.959959,2.138649,0.4884,0.476882,-0.0066
0.05,2,43,pso,1,1,1,2.079065,0.247556,1.853752,0.3382,0.320673,0.0
0.05,2,43,pso,1,2,2,1.718526,0.382222,1.689362,0.3902,0.37417,0.052
0.05,2,43,pso,1,3,3,1.49441,0.458667,1.559898,0.43,0.41323,0.0398
0.05,2,43,pso,1,4,4,1.299443,0.542222,1.485193,0.4686,0.468437,0.0386
0.05,2,43,pso,2,1,5,1.061625,0.62948,1.541175,0.4564,0.448631,-0.0122
0.05,2,43,pso,2,2,6,0.852797,0.706806,1.543509,0.4732,0.468285,0.0168
0.05,2,43,pso,2,3,7,0.730728,0.745469,1.566073,0.4846,0.478192,0.0114
0.05,2,43,pso,2,4,8,0.551667,0.815143,1.725914,0.4812,0.467891,-0.0034
0.05,2,43,pso,3,1,9,0.436048,0.849775,1.597385,0.4852,0.483516,0.004
0.05,2,43,pso,3,2,10,0.291726,0.901349,1.794668,0.4884,0.484198,0.0032
0.05,2,43,pso,3,3,11,0.18525,0.942872,1.965463,0.4844,0.478076,-0.004
0.05,2,43,pso,3,4,12,0.124677,0.964824,2.283063,0.4734,0.468711,-0.011
0.05,3,44,manual,1,1,1,2.115056,0.231556,1.895521,0.3172,0.294142,0.0
0.05,3,44,manual,1,2,2,1.734666,0.370222,1.676124,0.3826,0.339576,0.0654
0.05,3,44,manual,1,3,3,1.497506,0.461778,1.511137,0.4518,0.444639,0.0692
0.05,3,44,manual,1,4,4,1.284392,0.552,1.451552,0.481,0.477581,0.0292
0.05,3,44,manual,2,1,5,0.744678,0.737002,1.451384,0.485,0.479039,0.004
0.05,3,44,manual,2,2,6,0.60174,0.790376,1.443039,0.5026,0.492374,0.0176
0.05,3,44,manual,2,3,7,0.475201,0.840431,1.482359,0.5016,0.492891,-0.001
0.05,3,44,manual,2,4,8,0.345858,0.887721,1.662081,0.4956,0.485969,-0.006
0.05,3,44,manual,3,1,9,0.383778,0.868647,1.615952,0.4926,0.475399,-0.003
0.05,3,44,manual,3,2,10,0.276245,0.907936,1.665142,0.5078,0.503298,0.0152
0.05,3,44,manual,3,3,11,0.195062,0.936278,1.851904,0.4912,0.487146,-0.0166
0.05,3,44,manual,3,4,12,0.143168,0.953088,1.971146,0.5112,0.506967,0.02
0.05,3,44,pso,1,1,1,2.118885,0.222222,1.905018,0.303,0.270861,0.0
0.05,3,44,pso,1,2,2,1.771181,0.376,1.664607,0.4072,0.389732,0.1042
0.05,3,44,pso,1,3,3,1.515991,0.449333,1.710969,0.394,0.364394,-0.0132
0.05,3,44,pso,1,4,4,1.340913,0.532,1.498799,0.4556,0.451168,0.0616
0.05,3,44,pso,2,1,5,0.917186,0.673752,1.53482,0.4624,0.456164,0.0068
0.05,3,44,pso,2,2,6,0.743541,0.745277,1.554189,0.4736,0.464058,0.0112
0.05,3,44,pso,2,3,7,0.641461,0.780702,1.567036,0.4756,0.472142,0.002
0.05,3,44,pso,2,4,8,0.512956,0.830297,1.747462,0.4616,0.464497,-0.014
0.05,3,44,pso,3,1,9,0.381736,0.868638,1.705983,0.457,0.458865,-0.0046
0.05,3,44,pso,3,2,10,0.271388,0.91403,1.974077,0.466,0.462323,0.009
0.05,3,44,pso,3,3,11,0.195814,0.936956,2.036562,0.4742,0.467655,0.0082
0.05,3,44,pso,3,4,12,0.137676,0.95713,2.203531,0.4784,0.472176,0.0042
0.05,4,45,manual,1,1,1,2.015122,0.26,1.899931,0.3322,0.299318,0.0
0.05,4,45,manual,1,2,2,1.643501,0.411111,1.672871,0.398,0.363061,0.0658
0.05,4,45,manual,1,3,3,1.388818,0.504889,1.539022,0.4442,0.429994,0.0462
0.05,4,45,manual,1,4,4,1.220131,0.571556,1.584255,0.4538,0.442822,0.0096
0.05,4,45,manual,2,1,5,0.743654,0.745507,1.578272,0.4582,0.446074,0.0044
0.05,4,45,manual,2,2,6,0.59316,0.790145,1.600849,0.459,0.461187,0.0008
0.05,4,45,manual,2,3,7,0.476279,0.832464,1.624642,0.4822,0.468759,0.0232
0.05,4,45,manual,2,4,8,0.351446,0.884638,1.770094,0.4822,0.471274,0.0
0.05,4,45,manual,3,1,9,0.322234,0.885591,1.732141,0.4814,0.472368,-0.0008
0.05,4,45,manual,3,2,10,0.208872,0.932903,1.84592,0.4916,0.493628,0.0102
0.05,4,45,manual,3,3,11,0.135545,0.956344,2.220388,0.4722,0.469142,-0.0194
0.05,4,45,manual,3,4,12,0.087688,0.974409,2.370518,0.4956,0.492066,0.0234
0.05,4,45,pso,1,1,1,2.007407,0.287556,1.777265,0.3592,0.345014,0.0
0.05,4,45,pso,1,2,2,1.655956,0.422667,1.662798,0.4052,0.385834,0.046
0.05,4,45,pso,1,3,3,1.405699,0.504,1.619244,0.4182,0.408009,0.013
0.05,4,45,pso,1,4,4,1.194959,0.572,1.527293,0.4556,0.44994,0.0374
0.05,4,45,pso,2,1,5,0.888665,0.687097,1.538698,0.4664,0.462072,0.0108
0.05,4,45,pso,2,2,6,0.693696,0.749104,1.611769,0.471,0.46099,0.0046
0.05,4,45,pso,2,3,7,0.576221,0.801434,1.679496,0.4664,0.462555,-0.0046
0.05,4,45,pso,2,4,8,0.414521,0.863441,1.755706,0.4784,0.477245,0.012
0.05,4,45,pso,3,1,9,0.305888,0.897898,1.904616,0.4786,0.477027,0.0002
0.05,4,45,pso,3,2,10,0.161855,0.954955,2.090732,0.4872,0.488877,0.0086
0.05,4,45,pso,3,3,11,0.099422,0.976577,2.626122,0.469,0.466042,-0.0182
0.05,4,45,pso,3,4,12,0.071106,0.982282,2.740513,0.4714,0.461999,0.0024
0.05,5,46,manual,1,1,1,2.116045,0.223111,1.901655,0.3326,0.297279,0.0
0.05,5,46,manual,1,2,2,1.743415,0.386222,1.688774,0.3792,0.369856,0.0466
0.05,5,46,manual,1,3,3,1.500022,0.461333,1.612346,0.4178,0.405531,0.0386
0.05,5,46,manual,1,4,4,1.31549,0.54,1.58824,0.4298,0.424411,0.012
0.05,5,46,manual,2,1,5,1.138521,0.58846,1.489179,0.4672,0.462999,0.0374
0.05,5,46,manual,2,2,6,0.977663,0.663131,1.493471,0.4784,0.464583,0.0112
0.05,5,46,manual,2,3,7,0.830596,0.720407,1.546106,0.4658,0.470603,-0.0126
0.05,5,46,manual,2,4,8,0.738398,0.754349,1.592723,0.4824,0.472433,0.0166
0.05,5,46,manual,3,1,9,0.554123,0.816941,1.566952,0.4892,0.482265,0.0068
0.05,5,46,manual,3,2,10,0.407445,0.875044,1.646196,0.4972,0.49183,0.008
0.05,5,46,manual,3,3,11,0.318905,0.899195,1.728838,0.4936,0.488793,-0.0036
0.05,5,46,manual,3,4,12,0.246221,0.933497,1.947615,0.4738,0.470856,-0.0198
0.05,5,46,pso,1,1,1,2.036162,0.259556,1.833035,0.339,0.305363,0.0
0.05,5,46,pso,1,2,2,1.682552,0.384,1.648275,0.4162,0.410173,0.0772
0.05,5,46,pso,1,3,3,1.436643,0.489333,1.471264,0.478,0.468866,0.0618
0.05,5,46,pso,1,4,4,1.275551,0.550222,1.526942,0.4378,0.41292,-0.0402
0.05,5,46,pso,2,1,5,1.334556,0.525988,1.577638,0.458,0.445096,0.0202
0.05,5,46,pso,2,2,6,1.177024,0.587295,1.444716,0.498,0.500315,0.04
0.05,5,46,pso,2,3,7,0.996397,0.654376,1.451552,0.4986,0.494733,0.0006
0.05,5,46,pso,2,4,8,0.870633,0.697468,1.48924,0.4844,0.485565,-0.0142
0.05,5,46,pso,3,1,9,0.848691,0.706311,1.445815,0.511,0.502295,0.0266
0.05,5,46,pso,3,2,10,0.652435,0.780744,1.477059,0.5036,0.508359,-0.0074
0.05,5,46,pso,3,3,11,0.538369,0.832929,1.562219,0.5076,0.496258,0.004
0.05,5,46,pso,3,4,12,0.439072,0.858414,1.664744,0.5098,0.510696,0.0022
0.1,1,42,manual,1,1,1,1.92598,0.297333,1.639551,0.422,0.417012,0.0
0.1,1,42,manual,1,2,2,1.525169,0.446222,1.492916,0.4668,0.450893,0.0448
0.1,1,42,manual,1,3,3,1.328181,0.522889,1.373318,0.5108,0.497697,0.044
0.1,1,42,manual,1,4,4,1.180523,0.577556,1.412726,0.4952,0.483006,-0.0156
0.1,1,42,manual,2,1,5,1.086519,0.6104,1.399895,0.488,0.486444,-0.0072
0.1,1,42,manual,2,2,6,0.951303,0.6628,1.334631,0.526,0.521894,0.038
0.1,1,42,manual,2,3,7,0.841229,0.702,1.330854,0.5424,0.534261,0.0164
0.1,1,42,manual,2,4,8,0.707358,0.7612,1.34659,0.5502,0.552442,0.0078
0.1,1,42,manual,3,1,9,0.57661,0.798909,1.415069,0.5448,0.536851,-0.0054
0.1,1,42,manual,3,2,10,0.443217,0.850727,1.470174,0.5496,0.553928,0.0048
0.1,1,42,manual,3,3,11,0.353911,0.882545,1.557746,0.5386,0.539678,-0.011
0.1,1,42,manual,3,4,12,0.274698,0.918545,1.650978,0.5598,0.559797,0.0212
0.1,1,42,pso,1,1,1,1.971398,0.294667,1.672478,0.4034,0.388853,0.0
0.1,1,42,pso,1,2,2,1.552634,0.439333,1.494523,0.4722,0.462819,0.0688
0.1,1,42,pso,1,3,3,1.351627,0.515111,1.472724,0.4796,0.466785,0.0074
0.1,1,42,pso,1,4,4,1.207875,0.575778,1.360985,0.5126,0.497802,0.033
0.1,1,42,pso,2,1,5,1.003031,0.659909,1.324629,0.5338,0.525685,0.0212
0.1,1,42,pso,2,2,6,0.88509,0.693835,1.333361,0.5344,0.526968,0.0006
0.1,1,42,pso,2,3,7,0.747189,0.742036,1.331125,0.543,0.542323,0.0086
0.1,1,42,pso,2,4,8,0.64411,0.778444,1.378409,0.551,0.550634,0.008
0.1,1,42,pso,3,1,9,0.518396,0.824884,1.419659,0.5572,0.550343,0.0062
0.1,1,42,pso,3,2,10,0.380231,0.872485,1.540751,0.559,0.552945,0.0018
0.1,1,42,pso,3,3,11,0.296461,0.903057,1.702236,0.5498,0.543132,-0.0092
0.1,1,42,pso,3,4,12,0.20966,0.9375,1.789242,0.5512,0.552654,0.0014
0.1,2,43,manual,1,1,1,1.936484,0.294,1.684473,0.3988,0.40106,0.0
0.1,2,43,manual,1,2,2,1.521983,0.459333,1.508545,0.454,0.452539,0.0552
0.1,2,43,manual,1,3,3,1.300671,0.533778,1.443535,0.4926,0.493041,0.0386
0.1,2,43,manual,1,4,4,1.148913,0.591333,1.353846,0.526,0.520357,0.0334
0.1,2,43,manual,2,1,5,0.905747,0.6814,1.315702,0.548,0.545056,0.022
0.1,2,43,manual,2,2,6,0.754075,0.7372,1.384711,0.5202,0.517676,-0.0278
0.1,2,43,manual,2,3,7,0.637601,0.7846,1.365887,0.5534,0.552751,0.0332
0.1,2,43,manual,2,4,8,0.517901,0.821,1.424973,0.5596,0.557308,0.0062
0.1,2,43,manual,3,1,9,0.38634,0.870909,1.649906,0.5356,0.530366,-0.024
0.1,2,43,manual,3,2,10,0.26035,0.917636,1.683372,0.5552,0.55792,0.0196
0.1,2,43,manual,3,3,11,0.18499,0.945636,1.756892,0.5448,0.546158,-0.0104
0.1,2,43,manual,3,4,12,0.135454,0.960909,1.925179,0.5558,0.553886,0.011
0.1,2,43,pso,1,1,1,1.943224,0.297778,1.70912,0.393,0.38184,0.0
0.1,2,43,pso,1,2,2,1.538328,0.454,1.506081,0.4676,0.460987,0.0746
0.1,2,43,pso,1,3,3,1.292928,0.537778,1.458973,0.4866,0.483923,0.019
0.1,2,43,pso,1,4,4,1.120084,0.609556,1.353016,0.5246,0.521297,0.038
0.1,2,43,pso,2,1,5,0.778843,0.724209,1.34937,0.5282,0.524528,0.0036
0.1,2,43,pso,2,2,6,0.626211,0.780496,1.377679,0.5466,0.54157,0.0184
0.1,2,43,pso,2,3,7,0.528783,0.818135,1.37101,0.5468,0.547641,0.0002
0.1,2,43,pso,2,4,8,0.401478,0.860907,1.491171,0.5474,0.542238,0.0006
0.1,2,43,pso,3,1,9,0.287151,0.897497,1.638388,0.549,0.544871,0.0016
0.1,2,43,pso,3,2,10,0.178315,0.943811,1.810751,0.543,0.541394,-0.006
0.1,2,43,pso,3,3,11,0.122919,0.960918,2.034422,0.542,0.533127,-0.001
0.1,2,43,pso,3,4,12,0.099167,0.97121,2.331403,0.5228,0.512006,-0.0192
0.1,3,44,manual,1,1,1,1.903838,0.311333,1.644706,0.396,0.385436,0.0
0.1,3,44,manual,1,2,2,1.486107,0.462222,1.446732,0.4824,0.478886,0.0864
0.1,3,44,manual,1,3,3,1.264676,0.540889,1.402142,0.4932,0.486029,0.0108
0.1,3,44,manual,1,4,4,1.084698,0.616889,1.354595,0.525,0.512378,0.0318
0.1,3,44,manual,2,1,5,0.707742,0.750667,1.42534,0.5246,0.522226,-0.0004
0.1,3,44,manual,2,2,6,0.563097,0.801167,1.401532,0.5368,0.534902,0.0122
0.1,3,44,manual,2,3,7,0.449104,0.844,1.460112,0.5454,0.536926,0.0086
0.1,3,44,manual,2,4,8,0.330645,0.891833,1.591558,0.5422,0.542939,-0.0032
0.1,3,44,manual,3,1,9,0.285398,0.9032,1.699529,0.5538,0.547754,0.0116
0.1,3,44,manual,3,2,10,0.185227,0.938133,1.974851,0.5316,0.535312,-0.0222
0.1,3,44,manual,3,3,11,0.113806,0.962533,2.097555,0.5308,0.531827,-0.0008
0.1,3,44,manual,3,4,12,0.080686,0.9772,2.309776,0.5472,0.539071,0.0164
0.1,3,44,pso,1,1,1,1.907966,0.298444,1.622035,0.4172,0.403036,0.0
0.1,3,44,pso,1,2,2,1.472729,0.474667,1.469983,0.471,0.461237,0.0538
0.1,3,44,pso,1,3,3,1.262316,0.541111,1.397099,0.4892,0.485307,0.0182
0.1,3,44,pso,1,4,4,1.055494,0.621111,1.359738,0.5324,0.523019,0.0432
0.1,3,44,pso,2,1,5,0.721693,0.745273,1.435007,0.5168,0.516698,-0.0156
0.1,3,44,pso,2,2,6,0.559823,0.80112,1.454794,0.533,0.527164,0.0162
0.1,3,44,pso,2,3,7,0.420573,0.848915,1.573972,0.5314,0.520983,-0.0016
0.1,3,44,pso,2,4,8,0.324923,0.889881,1.787872,0.5318,0.528816,0.0004
0.1,3,44,pso,3,1,9,0.384042,0.861496,1.625874,0.5268,0.522049,-0.005
0.1,3,44,pso,3,2,10,0.25822,0.912767,1.789312,0.5386,0.536886,0.0118
0.1,3,44,pso,3,3,11,0.173371,0.944685,1.887987,0.5354,0.531459,-0.0032
0.1,3,44,pso,3,4,12,0.114353,0.962449,2.15225,0.5196,0.520733,-0.0158
0.1,4,45,manual,1,1,1,1.91356,0.302444,1.654424,0.4108,0.396488,0.0
0.1,4,45,manual,1,2,2,1.492016,0.464889,1.480452,0.466,0.457669,0.0552
0.1,4,45,manual,1,3,3,1.297746,0.540444,1.536395,0.4318,0.406226,-0.0342
0.1,4,45,manual,1,4,4,1.158002,0.581556,1.379685,0.5202,0.508327,0.0884
0.1,4,45,manual,2,1,5,0.949127,0.6624,1.29566,0.5476,0.546951,0.0274
0.1,4,45,manual,2,2,6,0.804623,0.7198,1.322971,0.5418,0.538113,-0.0058
0.1,4,45,manual,2,3,7,0.710797,0.7524,1.310744,0.5546,0.550902,0.0128
0.1,4,45,manual,2,4,8,0.610757,0.787,1.388471,0.5508,0.5412,-0.0038
0.1,4,45,manual,3,1,9,0.581213,0.796727,1.326788,0.5582,0.557632,0.0074
0.1,4,45,manual,3,2,10,0.454053,0.842364,1.510214,0.5436,0.534695,-0.0146
0.1,4,45,manual,3,3,11,0.356836,0.878909,1.518197,0.5512,0.551341,0.0076
0.1,4,45,manual,3,4,12,0.274229,0.910727,1.70755,0.5574,0.554206,0.0062
0.1,4,45,pso,1,1,1,1.894107,0.308222,1.606074,0.4112,0.382376,0.0
0.1,4,45,pso,1,2,2,1.488134,0.464222,1.448189,0.4796,0.474647,0.0684
0.1,4,45,pso,1,3,3,1.283214,0.543333,1.439042,0.4754,0.472484,-0.0042
0.1,4,45,pso,1,4,4,1.08943,0.607333,1.300161,0.5332,0.521396,0.0578
0.1,4,45,pso,2,1,5,0.881871,0.68766,1.320787,0.5392,0.534857,0.006
0.1,4,45,pso,2,2,6,0.677236,0.76234,1.416462,0.5456,0.532403,0.0064
0.1,4,45,pso,2,3,7,0.537307,0.815106,1.44435,0.5468,0.552436,0.0012
0.1,4,45,pso,2,4,8,0.375715,0.874681,1.655025,0.5318,0.522933,-0.015
0.1,4,45,pso,3,1,9,0.403586,0.863061,1.564458,0.55,0.545749,0.0182
0.1,4,45,pso,3,2,10,0.23507,0.929184,1.823739,0.5328,0.541807,-0.0172
0.1,4,45,pso,3,3,11,0.167033,0.953265,1.872674,0.546,0.543746,0.0132
0.1,4,45,pso,3,4,12,0.11245,0.966122,2.270129,0.531,0.537786,-0.015
0.1,5,46,manual,1,1,1,1.898277,0.312889,1.667173,0.3886,0.396433,0.0
0.1,5,46,manual,1,2,2,1.449074,0.481778,1.539887,0.4386,0.429856,0.05
0.1,5,46,manual,1,3,3,1.281262,0.548889,1.392921,0.5028,0.501231,0.0642
0.1,5,46,manual,1,4,4,1.101049,0.614444,1.362485,0.5216,0.517875,0.0188
0.1,5,46,manual,2,1,5,0.910452,0.6788,1.336854,0.5332,0.525457,0.0116
0.1,5,46,manual,2,2,6,0.762864,0.7372,1.38394,0.5368,0.530907,0.0036
0.1,5,46,manual,2,3,7,0.664953,0.772,1.432377,0.5448,0.535784,0.008
0.1,5,46,manual,2,4,8,0.53468,0.8176,1.421961,0.5586,0.55105,0.0138
0.1,5,46,manual,3,1,9,0.4125,0.863091,1.486592,0.5502,0.545434,-0.0084
0.1,5,46,manual,3,2,10,0.292323,0.908727,1.70876,0.5314,0.532434,-0.0188
0.1,5,46,manual,3,3,11,0.218798,0.936727,1.832896,0.541,0.544199,0.0096
0.1,5,46,manual,3,4,12,0.150238,0.958,1.95029,0.556,0.550666,0.015
0.1,5,46,pso,1,1,1,1.933693,0.286222,1.628769,0.4132,0.404677,0.0
0.1,5,46,pso,1,2,2,1.515293,0.457778,1.439701,0.4744,0.464093,0.0612
0.1,5,46,pso,1,3,3,1.292269,0.541778,1.434858,0.4768,0.459996,0.0024
0.1,5,46,pso,1,4,4,1.137122,0.592889,1.389397,0.5044,0.48959,0.0276
0.1,5,46,pso,2,1,5,0.892575,0.686973,1.328291,0.5352,0.527156,0.0308
0.1,5,46,pso,2,2,6,0.734646,0.743487,1.389383,0.5268,0.518859,-0.0084
0.1,5,46,pso,2,3,7,0.604327,0.791954,1.47219,0.541,0.538742,0.0142
0.1,5,46,pso,2,4,8,0.482332,0.829119,1.626846,0.5188,0.513628,-0.0222
0.1,5,46,pso,3,1,9,0.464908,0.83771,1.501864,0.5346,0.528361,0.0158
0.1,5,46,pso,3,2,10,0.323591,0.893771,1.6398,0.5314,0.530654,-0.0032
0.1,5,46,pso,3,3,11,0.221037,0.929293,1.911112,0.5356,0.525122,0.0042
0.1,5,46,pso,3,4,12,0.172031,0.945118,2.146028,0.5246,0.525838,-0.011
0.15,1,42,manual,1,1,1,1.797942,0.348444,1.566601,0.4306,0.402521,0.0
0.15,1,42,manual,1,2,2,1.379441,0.502222,1.363686,0.5092,0.505527,0.0786
0.15,1,42,manual,1,3,3,1.172882,0.584,1.255312,0.5578,0.559518,0.0486
0.15,1,42,manual,1,4,4,1.008502,0.651704,1.24259,0.5666,0.559803,0.0088
0.15,1,42,manual,2,1,5,0.715685,0.74703,1.298464,0.5614,0.559727,-0.0052
0.15,1,42,manual,2,2,6,0.563156,0.804848,1.294507,0.5842,0.586352,0.0228
0.15,1,42,manual,2,3,7,0.430407,0.853818,1.383001,0.5758,0.573296,-0.0084
0.15,1,42,manual,2,4,8,0.318776,0.893939,1.506285,0.5726,0.564275,-0.0032
0.15,1,42,manual,3,1,9,0.400127,0.863385,1.367197,0.5826,0.582356,0.01
0.15,1,42,manual,3,2,10,0.280774,0.904205,1.567858,0.5552,0.551626,-0.0274
0.15,1,42,manual,3,3,11,0.198806,0.936,1.727972,0.5802,0.578908,0.025
0.15,1,42,manual,3,4,12,0.128723,0.959179,1.941741,0.5738,0.572099,-0.0064
0.15,1,42,pso,1,1,1,1.828263,0.343259,1.567716,0.4464,0.429546,0.0
0.15,1,42,pso,1,2,2,1.410194,0.493037,1.377649,0.51,0.500689,0.0636
0.15,1,42,pso,1,3,3,1.213788,0.56563,1.283017,0.5398,0.532326,0.0298
0.15,1,42,pso,1,4,4,1.075319,0.610667,1.248468,0.5536,0.548332,0.0138
0.15,1,42,pso,2,1,5,0.830458,0.707599,1.276658,0.552,0.551912,-0.0016
0.15,1,42,pso,2,2,6,0.714337,0.754275,1.239683,0.5734,0.567944,0.0214
0.15,1,42,pso,2,3,7,0.601027,0.792594,1.264827,0.5788,0.574027,0.0054
0.15,1,42,pso,2,4,8,0.506546,0.825383,1.281134,0.5936,0.584948,0.0148
0.15,1,42,pso,3,1,9,0.378948,0.872558,1.3507,0.5894,0.588709,-0.0042
0.15,1,42,pso,3,2,10,0.277853,0.91095,1.669457,0.5468,0.532956,-0.0426
0.15,1,42,pso,3,3,11,0.20701,0.93378,1.604986,0.5782,0.578726,0.0314
0.15,1,42,pso,3,4,12,0.14708,0.957292,1.744599,0.5688,0.56292,-0.0094
0.15,2,43,manual,1,1,1,1.825729,0.330815,1.554422,0.4502,0.450589,0.0
0.15,2,43,manual,1,2,2,1.403579,0.505185,1.49691,0.4738,0.483259,0.0236
0.15,2,43,manual,1,3,3,1.208572,0.570519,1.264832,0.5452,0.545212,0.0714
0.15,2,43,manual,1,4,4,1.024333,0.642963,1.230601,0.565,0.562828,0.0198
0.15,2,43,manual,2,1,5,0.746538,0.744277,1.258641,0.5686,0.562253,0.0036
0.15,2,43,manual,2,2,6,0.611028,0.787925,1.301241,0.5666,0.562173,-0.002
0.15,2,43,manual,2,3,7,0.48087,0.837358,1.338296,0.571,0.571321,0.0044
0.15,2,43,manual,2,4,8,0.364094,0.87761,1.494822,0.5636,0.562699,-0.0074
0.15,2,43,manual,3,1,9,0.348938,0.880984,1.586934,0.5516,0.542277,-0.012
0.15,2,43,manual,3,2,10,0.245674,0.918798,1.60994,0.5776,0.570694,0.026
0.15,2,43,manual,3,3,11,0.168019,0.94612,1.740371,0.5734,0.574756,-0.0042
0.15,2,43,manual,3,4,12,0.107833,0.968087,2.119245,0.565,0.565503,-0.0084
0.15,2,43,pso,1,1,1,1.832137,0.331556,1.585777,0.4108,0.38736,0.0
0.15,2,43,pso,1,2,2,1.417799,0.495111,1.404986,0.492,0.488602,0.0812
0.15,2,43,pso,1,3,3,1.235555,0.565185,1.329741,0.5242,0.504055,0.0322
0.15,2,43,pso,1,4,4,1.054578,0.62963,1.368377,0.5136,0.503382,-0.0106
0.15,2,43,pso,2,1,5,0.876828,0.694303,1.23355,0.564,0.559839,0.0504
0.15,2,43,pso,2,2,6,0.724437,0.745333,1.224989,0.5734,0.57307,0.0094
0.15,2,43,pso,2,3,7,0.595828,0.796,1.22713,0.5702,0.564705,-0.0032
0.15,2,43,pso,2,4,8,0.477472,0.830909,1.342307,0.5696,0.567645,-0.0006
0.15,2,43,pso,3,1,9,0.53364,0.812513,1.264694,0.57,0.568515,0.0004
0.15,2,43,pso,3,2,10,0.400998,0.859692,1.318083,0.5806,0.572099,0.0106
0.15,2,43,pso,3,3,11,0.309168,0.893846,1.450876,0.5748,0.572911,-0.0058
0.15,2,43,pso,3,4,12,0.222265,0.918769,1.593127,0.5768,0.576249,0.002
0.15,3,44,manual,1,1,1,1.778515,0.351556,1.596195,0.418,0.382833,0.0
0.15,3,44,manual,1,2,2,1.367755,0.508741,1.405338,0.497,0.477612,0.079
0.15,3,44,manual,1,3,3,1.160858,0.587704,1.28922,0.5422,0.531847,0.0452
0.15,3,44,manual,1,4,4,0.993806,0.656593,1.285215,0.5556,0.548028,0.0134
0.15,3,44,manual,2,1,5,0.690698,0.761091,1.25011,0.5748,0.571541,0.0192
0.15,3,44,manual,2,2,6,0.552607,0.812242,1.312525,0.574,0.571522,-0.0008
0.15,3,44,manual,2,3,7,0.422784,0.853576,1.394755,0.5794,0.577926,0.0054
0.15,3,44,manual,2,4,8,0.298097,0.901455,1.670211,0.5636,0.557266,-0.0158
0.15,3,44,manual,3,1,9,0.295558,0.898564,1.614229,0.5634,0.553,-0.0002
0.15,3,44,manual,3,2,10,0.194135,0.936923,1.802165,0.568,0.568434,0.0046
0.15,3,44,manual,3,3,11,0.125222,0.95959,1.894437,0.576,0.573804,0.008
0.15,3,44,manual,3,4,12,0.111168,0.963077,2.142038,0.5642,0.563117,-0.0118
0.15,3,44,pso,1,1,1,1.86499,0.335407,1.612219,0.4232,0.41109,0.0
0.15,3,44,pso,1,2,2,1.479404,0.468296,1.478901,0.4782,0.459354,0.055
0.15,3,44,pso,1,3,3,1.316926,0.535111,1.341174,0.5318,0.530744,0.0536
0.15,3,44,pso,1,4,4,1.184758,0.581185,1.34344,0.5284,0.530498,-0.0034
0.15,3,44,pso,2,1,5,1.075807,0.618535,1.310398,0.5444,0.537879,0.016
0.15,3,44,pso,2,2,6,0.974681,0.658157,1.268625,0.5586,0.548691,0.0142
0.15,3,44,pso,2,3,7,0.88018,0.68927,1.248623,0.5724,0.568425,0.0138
0.15,3,44,pso,2,4,8,0.788103,0.727563,1.272683,0.5694,0.56624,-0.003
0.15,3,44,pso,3,1,9,0.690703,0.756711,1.260978,0.5824,0.581491,0.013
0.15,3,44,pso,3,2,10,0.601951,0.792842,1.293701,0.57,0.565474,-0.0124
0.15,3,44,pso,3,3,11,0.529553,0.818099,1.330782,0.5772,0.568427,0.0072
0.15,3,44,pso,3,4,12,0.460838,0.846302,1.414105,0.5636,0.553323,-0.0136
0.15,4,45,manual,1,1,1,1.816557,0.350074,1.569728,0.4298,0.411197,0.0
0.15,4,45,manual,1,2,2,1.420327,0.499407,1.354903,0.5236,0.510747,0.0938
0.15,4,45,manual,1,3,3,1.232308,0.563556,1.281188,0.5444,0.536261,0.0208
0.15,4,45,manual,1,4,4,1.063135,0.633037,1.23766,0.567,0.565031,0.0226
0.15,4,45,manual,2,1,5,0.881899,0.693517,1.203169,0.5816,0.574799,0.0146
0.15,4,45,manual,2,2,6,0.748856,0.742345,1.265751,0.5836,0.574509,0.002
0.15,4,45,manual,2,3,7,0.629294,0.784552,1.248135,0.5812,0.581251,-0.0024
0.15,4,45,manual,2,4,8,0.499586,0.833379,1.309651,0.5972,0.589714,0.016
0.15,4,45,manual,3,1,9,0.389847,0.868258,1.366801,0.5982,0.589899,0.001
0.15,4,45,manual,3,2,10,0.282195,0.91071,1.432602,0.5976,0.597617,-0.0006
0.15,4,45,manual,3,3,11,0.207572,0.936,1.554402,0.5988,0.597134,0.0012
0.15,4,45,manual,3,4,12,0.13587,0.961806,1.850631,0.5834,0.578697,-0.0154
0.15,4,45,pso,1,1,1,1.796841,0.348444,1.496098,0.4682,0.462502,0.0
0.15,4,45,pso,1,2,2,1.373869,0.506074,1.407389,0.4882,0.491302,0.02
0.15,4,45,pso,1,3,3,1.179794,0.585333,1.319529,0.5266,0.510611,0.0384
0.15,4,45,pso,1,4,4,1.012164,0.640741,1.367723,0.5448,0.533746,0.0182
0.15,4,45,pso,2,1,5,0.789768,0.721351,1.268792,0.5674,0.566805,0.0226
0.15,4,45,pso,2,2,6,0.626578,0.787696,1.329093,0.5738,0.575015,0.0064
0.15,4,45,pso,2,3,7,0.511082,0.827637,1.483587,0.5686,0.55357,-0.0052
0.15,4,45,pso,2,4,8,0.384178,0.869052,1.495055,0.578,0.5791,0.0094
0.15,4,45,pso,3,1,9,0.284637,0.904797,1.75572,0.5676,0.566488,-0.0104
0.15,4,45,pso,3,2,10,0.17778,0.942609,1.94792,0.5704,0.5697,0.0028
0.15,4,45,pso,3,3,11,0.120575,0.965125,2.09337,0.5738,0.568112,0.0034
0.15,4,45,pso,3,4,12,0.080909,0.976872,2.274131,0.5616,0.561877,-0.0122
0.15,5,46,manual,1,1,1,1.845819,0.330519,1.534162,0.4436,0.429454,0.0
0.15,5,46,manual,1,2,2,1.402241,0.501778,1.447996,0.4818,0.475361,0.0382
0.15,5,46,manual,1,3,3,1.209526,0.579852,1.292284,0.5378,0.529584,0.056
0.15,5,46,manual,1,4,4,1.057803,0.627259,1.253853,0.5648,0.570058,0.027
0.15,5,46,manual,2,1,5,0.831351,0.715556,1.228573,0.574,0.56582,0.0092
0.15,5,46,manual,2,2,6,0.731826,0.745359,1.203667,0.5856,0.585262,0.0116
0.15,5,46,manual,2,3,7,0.641076,0.778824,1.311421,0.5684,0.562529,-0.0172
0.15,5,46,manual,2,4,8,0.532947,0.823137,1.307408,0.5926,0.583589,0.0242
0.15,5,46,manual,3,1,9,0.415615,0.861287,1.391892,0.5906,0.586683,-0.002
0.15,5,46,manual,3,2,10,0.312081,0.898596,1.418998,0.5966,0.590286,0.006
0.15,5,46,manual,3,3,11,0.251688,0.918713,1.542092,0.5796,0.577928,-0.017
0.15,5,46,manual,3,4,12,0.188184,0.941871,1.748461,0.5764,0.57948,-0.0032
0.15,5,46,pso,1,1,1,1.786462,0.354519,1.459255,0.4658,0.462549,0.0
0.15,5,46,pso,1,2,2,1.345031,0.522222,1.303653,0.53,0.520483,0.0642
0.15,5,46,pso,1,3,3,1.140029,0.601185,1.264351,0.5464,0.535163,0.0164
0.15,5,46,pso,1,4,4,0.972281,0.655556,1.242255,0.5722,0.569351,0.0258
0.15,5,46,pso,2,1,5,0.785808,0.725171,1.228946,0.5822,0.574751,0.01
0.15,5,46,pso,2,2,6,0.624077,0.7827,1.252291,0.5886,0.589999,0.0064
0.15,5,46,pso,2,3,7,0.481423,0.839253,1.386543,0.5902,0.596059,0.0016
0.15,5,46,pso,2,4,8,0.349523,0.886196,1.480024,0.5794,0.577942,-0.0108
0.15,5,46,pso,3,1,9,0.363513,0.876314,1.416274,0.583,0.580173,0.0036
0.15,5,46,pso,3,2,10,0.228723,0.927576,1.661554,0.5746,0.578369,-0.0084
0.15,5,46,pso,3,3,11,0.154017,0.95347,1.797914,0.5682,0.56662,-0.0064
0.15,5,46,pso,3,4,12,0.11541,0.965431,1.970806,0.5778,0.577669,0.0096
0.2,1,42,manual,1,1,1,1.7627,0.367556,1.478117,0.4576,0.450902,0.0
0.2,1,42,manual,1,2,2,1.336442,0.514333,1.30206,0.5362,0.530517,0.0786
0.2,1,42,manual,1,3,3,1.173946,0.581889,1.197854,0.5756,0.569441,0.0394
0.2,1,42,manual,1,4,4,1.026233,0.635889,1.1879,0.5782,0.571824,0.0026
0.2,1,42,manual,2,1,5,0.859266,0.698526,1.153799,0.5988,0.600255,0.0206
0.2,1,42,manual,2,2,6,0.734321,0.744947,1.209948,0.594,0.584245,-0.0048
0.2,1,42,manual,2,3,7,0.616058,0.788316,1.284738,0.5814,0.574978,-0.0126
0.2,1,42,manual,2,4,8,0.507192,0.825368,1.275661,0.6008,0.600693,0.0194
0.2,1,42,manual,3,1,9,0.38871,0.8668,1.377171,0.6016,0.600005,0.0008
0.2,1,42,manual,3,2,10,0.27585,0.9097,1.496514,0.5938,0.59786,-0.0078
0.2,1,42,manual,3,3,11,0.198702,0.9374,1.673283,0.5978,0.597346,0.004
0.2,1,42,manual,3,4,12,0.149147,0.952,1.768951,0.601,0.592838,0.0032
0.2,1,42,pso,1,1,1,1.746365,0.375333,1.471665,0.466,0.45305,0.0
0.2,1,42,pso,1,2,2,1.315724,0.531889,1.322808,0.5258,0.514365,0.0598
0.2,1,42,pso,1,3,3,1.137767,0.598556,1.175092,0.5764,0.576705,0.0506
0.2,1,42,pso,1,4,4,0.976432,0.651667,1.194152,0.579,0.569007,0.0026
0.2,1,42,pso,2,1,5,0.736996,0.738134,1.162987,0.598,0.592979,0.019
0.2,1,42,pso,2,2,6,0.60549,0.787724,1.14632,0.627,0.622902,0.029
0.2,1,42,pso,2,3,7,0.487428,0.832963,1.201957,0.613,0.611143,-0.014
0.2,1,42,pso,2,4,8,0.385542,0.870082,1.328101,0.6116,0.610692,-0.0014
0.2,1,42,pso,3,1,9,0.450833,0.840034,1.192735,0.6212,0.622534,0.0096
0.2,1,42,pso,3,2,10,0.339537,0.88195,1.36022,0.6116,0.612429,-0.0096
0.2,1,42,pso,3,3,11,0.253425,0.915654,1.537001,0.613,0.614796,0.0014
0.2,1,42,pso,3,4,12,0.174923,0.941488,1.613169,0.5988,0.598137,-0.0142
0.2,2,43,manual,1,1,1,1.712623,0.382333,1.417072,0.4882,0.478167,0.0
0.2,2,43,manual,1,2,2,1.299124,0.536111,1.312222,0.5336,0.517271,0.0454
0.2,2,43,manual,1,3,3,1.078658,0.614667,1.156623,0.5874,0.585035,0.0538
0.2,2,43,manual,1,4,4,0.905809,0.686556,1.150485,0.6018,0.595442,0.0144
0.2,2,43,manual,2,1,5,0.673612,0.764902,1.228082,0.587,0.580761,-0.0148
0.2,2,43,manual,2,2,6,0.530019,0.816863,1.197036,0.5984,0.593674,0.0114
0.2,2,43,manual,2,3,7,0.412993,0.856471,1.38078,0.598,0.58978,-0.0004
0.2,2,43,manual,2,4,8,0.301383,0.898039,1.375037,0.6114,0.610731,0.0134
0.2,2,43,manual,3,1,9,0.207442,0.927895,1.611761,0.5898,0.582736,-0.0216
0.2,2,43,manual,3,2,10,0.135715,0.954737,1.779768,0.5982,0.597682,0.0084
0.2,2,43,manual,3,3,11,0.080827,0.974737,1.975346,0.6066,0.601232,0.0084
0.2,2,43,manual,3,4,12,0.079631,0.976316,2.204154,0.588,0.589465,-0.0186
0.2,2,43,pso,1,1,1,1.751863,0.365,1.443122,0.4804,0.47551,0.0
0.2,2,43,pso,1,2,2,1.338851,0.520222,1.30097,0.529,0.524164,0.0486
0.2,2,43,pso,1,3,3,1.127867,0.600222,1.204199,0.5672,0.56707,0.0382
0.2,2,43,pso,1,4,4,0.949543,0.662889,1.254748,0.57,0.560447,0.0028
0.2,2,43,pso,2,1,5,0.755016,0.728328,1.211676,0.596,0.595611,0.026
0.2,2,43,pso,2,2,6,0.585053,0.795728,1.289154,0.6046,0.601016,0.0086
0.2,2,43,pso,2,3,7,0.455543,0.833264,1.326985,0.5976,0.59465,-0.007
0.2,2,43,pso,2,4,8,0.345564,0.880755,1.452439,0.608,0.607942,0.0104
0.2,2,43,pso,3,1,9,0.255524,0.911645,1.672652,0.6074,0.607658,-0.0006
0.2,2,43,pso,3,2,10,0.146115,0.949942,1.981743,0.5922,0.597345,-0.0152
0.2,2,43,pso,3,3,11,0.137753,0.952955,2.139041,0.58,0.576058,-0.0122
0.2,2,43,pso,3,4,12,0.085149,0.973659,2.381477,0.5998,0.59878,0.0198
0.2,3,44,manual,1,1,1,1.749385,0.376556,1.511735,0.4616,0.456232,0.0
0.2,3,44,manual,1,2,2,1.37947,0.504111,1.321765,0.5258,0.52547,0.0642
0.2,3,44,manual,1,3,3,1.190834,0.575667,1.258356,0.5428,0.527054,0.017
0.2,3,44,manual,1,4,4,1.035304,0.637889,1.186592,0.575,0.566003,0.0322
0.2,3,44,manual,2,1,5,0.860937,0.701474,1.171103,0.5878,0.584778,0.0128
0.2,3,44,manual,2,2,6,0.730353,0.745474,1.164436,0.609,0.606698,0.0212
0.2,3,44,manual,2,3,7,0.593049,0.796632,1.219651,0.5998,0.590923,-0.0092
0.2,3,44,manual,2,4,8,0.498295,0.831263,1.258438,0.6098,0.607103,0.01
0.2,3,44,manual,3,1,9,0.366799,0.8785,1.359639,0.6122,0.60865,0.0024
0.2,3,44,manual,3,2,10,0.25212,0.9204,1.520691,0.5928,0.589744,-0.0194
0.2,3,44,manual,3,3,11,0.177611,0.9479,1.627543,0.5888,0.589041,-0.004
0.2,3,44,manual,3,4,12,0.128338,0.9621,1.800437,0.5968,0.593614,0.008
0.2,3,44,pso,1,1,1,1.777042,0.360111,1.47837,0.4748,0.462918,0.0
0.2,3,44,pso,1,2,2,1.381091,0.503333,1.300924,0.5468,0.545131,0.072
0.2,3,44,pso,1,3,3,1.207036,0.569222,1.224705,0.5644,0.561414,0.0176
0.2,3,44,pso,1,4,4,1.062541,0.622556,1.18101,0.5846,0.58314,0.0202
0.2,3,44,pso,2,1,5,0.895197,0.682172,1.141761,0.5966,0.599856,0.012
0.2,3,44,pso,2,2,6,0.772862,0.728066,1.161499,0.5996,0.590713,0.003
0.2,3,44,pso,2,3,7,0.660176,0.76721,1.140046,0.611,0.610184,0.0114
0.2,3,44,pso,2,4,8,0.568064,0.804589,1.164854,0.6122,0.607126,0.0012
0.2,3,44,pso,3,1,9,0.463296,0.841064,1.228019,0.614,0.614469,0.0018
0.2,3,44,pso,3,2,10,0.357154,0.880433,1.329707,0.6128,0.606775,-0.0012
0.2,3,44,pso,3,3,11,0.292011,0.900994,1.486918,0.6014,0.597152,-0.0114
0.2,3,44,pso,3,4,12,0.224534,0.926135,1.560641,0.6054,0.601646,0.004
0.2,4,45,manual,1,1,1,1.760365,0.368444,1.506731,0.4524,0.437289,0.0
0.2,4,45,manual,1,2,2,1.366217,0.509889,1.350589,0.5102,0.498485,0.0578
0.2,4,45,manual,1,3,3,1.189101,0.576111,1.258287,0.544,0.531077,0.0338
0.2,4,45,manual,1,4,4,1.042244,0.632,1.194259,0.5764,0.564969,0.0324
0.2,4,45,manual,2,1,5,0.870019,0.694947,1.178524,0.5956,0.5922,0.0192
0.2,4,45,manual,2,2,6,0.737223,0.741684,1.197664,0.5924,0.585324,-0.0032
0.2,4,45,manual,2,3,7,0.628819,0.783368,1.217134,0.6144,0.613455,0.022
0.2,4,45,manual,2,4,8,0.513706,0.826632,1.27719,0.6024,0.599015,-0.012
0.2,4,45,manual,3,1,9,0.509414,0.8208,1.302548,0.5938,0.594946,-0.0086
0.2,4,45,manual,3,2,10,0.401442,0.8641,1.2794,0.6118,0.608526,0.018
0.2,4,45,manual,3,3,11,0.295989,0.9014,1.397825,0.6066,0.605036,-0.0052
0.2,4,45,manual,3,4,12,0.224943,0.9282,1.507672,0.614,0.613632,0.0074
0.2,4,45,pso,1,1,1,1.762631,0.354444,1.55034,0.4398,0.419519,0.0
0.2,4,45,pso,1,2,2,1.35912,0.508778,1.342072,0.52,0.508292,0.0802
0.2,4,45,pso,1,3,3,1.160754,0.586667,1.222444,0.5712,0.573221,0.0512
0.2,4,45,pso,1,4,4,0.973582,0.658556,1.175096,0.5884,0.589108,0.0172
0.2,4,45,pso,2,1,5,0.721412,0.74297,1.235899,0.5844,0.589513,-0.004
0.2,4,45,pso,2,2,6,0.585217,0.794789,1.235357,0.6006,0.602335,0.0162
0.2,4,45,pso,2,3,7,0.454379,0.84002,1.313951,0.5984,0.596385,-0.0022
0.2,4,45,pso,2,4,8,0.320979,0.890659,1.471092,0.597,0.591619,-0.0014
0.2,4,45,pso,3,1,9,0.427729,0.850176,1.288724,0.5948,0.595606,-0.0022
0.2,4,45,pso,3,2,10,0.305225,0.894004,1.451908,0.6016,0.600168,0.0068
0.2,4,45,pso,3,3,11,0.216054,0.924603,1.699442,0.5888,0.583898,-0.0128
0.2,4,45,pso,3,4,12,0.158551,0.947531,1.892691,0.5864,0.5885,-0.0024
0.2,5,46,manual,1,1,1,1.734146,0.368778,1.453365,0.4766,0.476568,0.0
0.2,5,46,manual,1,2,2,1.353828,0.516111,1.296277,0.5288,0.517589,0.0522
0.2,5,46,manual,1,3,3,1.176672,0.581,1.19467,0.5726,0.571873,0.0438
0.2,5,46,manual,1,4,4,1.046397,0.637889,1.182064,0.5832,0.580125,0.0106
0.2,5,46,manual,2,1,5,0.909693,0.680532,1.148196,0.5928,0.592786,0.0096
0.2,5,46,manual,2,2,6,0.783179,0.728298,1.143633,0.6038,0.595016,0.011
0.2,5,46,manual,2,3,7,0.695959,0.757872,1.189708,0.6074,0.594323,0.0036
0.2,5,46,manual,2,4,8,0.587907,0.797979,1.177201,0.615,0.615205,0.0076
0.2,5,46,manual,3,1,9,0.482007,0.834694,1.196829,0.6158,0.61444,0.0008
0.2,5,46,manual,3,2,10,0.385517,0.87,1.333765,0.5942,0.586395,-0.0216
0.2,5,46,manual,3,3,11,0.315501,0.896735,1.426113,0.6,0.596746,0.0058
0.2,5,46,manual,3,4,12,0.232912,0.930816,1.447093,0.6114,0.612016,0.0114
0.2,5,46,pso,1,1,1,1.704285,0.380111,1.597939,0.4424,0.425793,0.0
0.2,5,46,pso,1,2,2,1.305367,0.529444,1.3131,0.535,0.517063,0.0926
0.2,5,46,pso,1,3,3,1.103453,0.603556,1.261816,0.5618,0.551949,0.0268
0.2,5,46,pso,1,4,4,0.948853,0.659111,1.224135,0.5774,0.565462,0.0156
0.2,5,46,pso,2,1,5,0.726576,0.747811,1.214686,0.592,0.591543,0.0146
0.2,5,46,pso,2,2,6,0.597897,0.788812,1.317248,0.5798,0.577553,-0.0122
0.2,5,46,pso,2,3,7,0.455268,0.843412,1.435819,0.5848,0.580515,0.005
0.2,5,46,pso,2,4,8,0.345367,0.878953,1.583759,0.5772,0.571481,-0.0076
0.2,5,46,pso,3,1,9,0.56635,0.797964,1.355086,0.5904,0.583449,0.0132
0.2,5,46,pso,3,2,10,0.42644,0.846169,1.434562,0.583,0.584736,-0.0074
0.2,5,46,pso,3,3,11,0.316631,0.889764,1.690428,0.5744,0.568462,-0.0086
0.2,5,46,pso,3,4,12,0.212925,0.926349,1.848252,0.579,0.583794,0.0046
0.3,1,42,manual,1,1,1,1.635928,0.40637,1.397075,0.496,0.493189,0.0
0.3,1,42,manual,1,2,2,1.215383,0.564519,1.200704,0.5692,0.564085,0.0732
0.3,1,42,manual,1,3,3,1.017792,0.640889,1.090076,0.6192,0.612044,0.05
0.3,1,42,manual,1,4,4,0.868848,0.692667,1.06844,0.6298,0.624147,0.0106
0.3,1,42,manual,2,1,5,0.693651,0.756667,1.076158,0.6364,0.637512,0.0066
0.3,1,42,manual,2,2,6,0.556894,0.806122,1.101569,0.6358,0.632036,-0.0006
0.3,1,42,manual,2,3,7,0.45267,0.841769,1.161708,0.6478,0.644477,0.012
0.3,1,42,manual,2,4,8,0.344004,0.882381,1.208437,0.6404,0.640071,-0.0074
0.3,1,42,manual,3,1,9,0.340466,0.880503,1.260975,0.6364,0.640006,-0.004
0.3,1,42,manual,3,2,10,0.23985,0.917925,1.444053,0.6256,0.622311,-0.0108
0.3,1,42,manual,3,3,11,0.186583,0.934088,1.587771,0.6184,0.613938,-0.0072
0.3,1,42,manual,3,4,12,0.124093,0.960503,1.775856,0.6338,0.633276,0.0154
0.3,1,42,pso,1,1,1,1.672281,0.392889,1.397517,0.4958,0.495197,0.0
0.3,1,42,pso,1,2,2,1.291218,0.535185,1.30151,0.5342,0.510055,0.0384
0.3,1,42,pso,1,3,3,1.117252,0.599556,1.138507,0.6034,0.600382,0.0692
0.3,1,42,pso,1,4,4,0.97946,0.65163,1.097066,0.6156,0.61602,0.0122
0.3,1,42,pso,2,1,5,0.815009,0.712864,1.070022,0.6256,0.626292,0.01
0.3,1,42,pso,2,2,6,0.700164,0.750841,1.090241,0.6272,0.626989,0.0016
0.3,1,42,pso,2,3,7,0.606309,0.787346,1.110241,0.633,0.630951,0.0058
0.3,1,42,pso,2,4,8,0.518661,0.818806,1.193477,0.615,0.608999,-0.018
0.3,1,42,pso,3,1,9,0.495597,0.82857,1.225979,0.6218,0.614257,0.0068
0.3,1,42,pso,3,2,10,0.417248,0.857817,1.225915,0.6238,0.619361,0.002
0.3,1,42,pso,3,3,11,0.325736,0.890455,1.289964,0.6298,0.63064,0.006
0.3,1,42,pso,3,4,12,0.260124,0.915382,1.406636,0.63,0.629573,0.0002
0.3,2,43,manual,1,1,1,1.615193,0.419111,1.331757,0.52,0.516237,0.0
0.3,2,43,manual,1,2,2,1.195665,0.572815,1.212868,0.57,0.566721,0.05
0.3,2,43,manual,1,3,3,0.994829,0.645111,1.103328,0.6168,0.611175,0.0468
0.3,2,43,manual,1,4,4,0.820092,0.710889,1.07383,0.6412,0.636941,0.0244
0.3,2,43,manual,2,1,5,0.621088,0.780467,1.13241,0.6312,0.636398,-0.01
0.3,2,43,manual,2,2,6,0.477913,0.831933,1.187606,0.648,0.644048,0.0168
0.3,2,43,manual,2,3,7,0.356847,0.880333,1.416314,0.6082,0.605594,-0.0398
0.3,2,43,manual,2,4,8,0.259841,0.9082,1.577492,0.625,0.618497,0.0168
0.3,2,43,manual,3,1,9,0.347662,0.877394,1.2912,0.6326,0.629104,0.0076
0.3,2,43,manual,3,2,10,0.237974,0.917455,1.390024,0.6342,0.632729,0.0016
0.3,2,43,manual,3,3,11,0.157939,0.947697,1.666741,0.627,0.625253,-0.0072
0.3,2,43,manual,3,4,12,0.12181,0.959212,1.794696,0.6328,0.630392,0.0058
0.3,2,43,pso,1,1,1,1.656681,0.403259,1.415052,0.488,0.466367,0.0
0.3,2,43,pso,1,2,2,1.232995,0.557778,1.225528,0.5588,0.544497,0.0708
0.3,2,43,pso,1,3,3,1.049776,0.626741,1.12766,0.5966,0.581511,0.0378
0.3,2,43,pso,1,4,4,0.892209,0.684741,1.096133,0.614,0.612729,0.0174
0.3,2,43,pso,2,1,5,0.748824,0.735547,1.05697,0.6388,0.639817,0.0248
0.3,2,43,pso,2,2,6,0.61179,0.787226,1.131076,0.6316,0.631779,-0.0072
0.3,2,43,pso,2,3,7,0.51028,0.820657,1.170421,0.6272,0.624647,-0.0044
0.3,2,43,pso,2,4,8,0.408413,0.859124,1.274979,0.6324,0.633745,0.0052
0.3,2,43,pso,3,1,9,0.617769,0.783669,1.117009,0.629,0.622635,-0.0034
0.3,2,43,pso,3,2,10,0.498402,0.827122,1.242657,0.6164,0.610152,-0.0126
0.3,2,43,pso,3,3,11,0.392034,0.863741,1.265645,0.629,0.622039,0.0126
0.3,2,43,pso,3,4,12,0.284221,0.901367,1.405428,0.6172,0.616417,-0.0118
0.3,3,44,manual,1,1,1,1.609195,0.416667,1.363162,0.5122,0.510665,0.0
0.3,3,44,manual,1,2,2,1.219947,0.563037,1.203773,0.5748,0.576536,0.0626
0.3,3,44,manual,1,3,3,1.014048,0.642815,1.125148,0.607,0.599301,0.0322
0.3,3,44,manual,1,4,4,0.858256,0.699481,1.11385,0.6104,0.606497,0.0034
0.3,3,44,manual,2,1,5,0.659913,0.769467,1.106936,0.6224,0.61858,0.012
0.3,3,44,manual,2,2,6,0.52562,0.8176,1.198179,0.623,0.618794,0.0006
0.3,3,44,manual,2,3,7,0.4211,0.853533,1.250191,0.6254,0.619491,0.0024
0.3,3,44,manual,2,4,8,0.308323,0.8958,1.318251,0.6312,0.62506,0.0058
0.3,3,44,manual,3,1,9,0.232562,0.918121,1.482158,0.6304,0.630425,-0.0008
0.3,3,44,manual,3,2,10,0.143142,0.953091,1.799535,0.6088,0.608565,-0.0216
0.3,3,44,manual,3,3,11,0.109098,0.964424,1.972832,0.6252,0.619934,0.0164
0.3,3,44,manual,3,4,12,0.10497,0.964667,1.991297,0.6138,0.609475,-0.0114
0.3,3,44,pso,1,1,1,1.630769,0.413704,1.436302,0.4924,0.477057,0.0
0.3,3,44,pso,1,2,2,1.206714,0.572444,1.187638,0.5726,0.569903,0.0802
0.3,3,44,pso,1,3,3,1.006302,0.646296,1.137827,0.602,0.597438,0.0294
0.3,3,44,pso,1,4,4,0.840353,0.707259,1.059516,0.627,0.624264,0.025
0.3,3,44,pso,2,1,5,0.692244,0.757879,1.076602,0.6272,0.62819,0.0002
0.3,3,44,pso,2,2,6,0.538791,0.811418,1.114104,0.6428,0.641655,0.0156
0.3,3,44,pso,2,3,7,0.42183,0.854452,1.209796,0.639,0.636615,-0.0038
0.3,3,44,pso,2,4,8,0.311289,0.895747,1.312836,0.6452,0.645231,0.0062
0.3,3,44,pso,3,1,9,0.242727,0.919183,1.568607,0.6274,0.621563,-0.0178
0.3,3,44,pso,3,2,10,0.147122,0.951935,1.637416,0.6352,0.634682,0.0078
0.3,3,44,pso,3,3,11,0.104726,0.968099,1.835281,0.633,0.635234,-0.0022
0.3,3,44,pso,3,4,12,0.099217,0.966185,1.935773,0.6286,0.627668,-0.0044
0.3,4,45,manual,1,1,1,1.639828,0.418296,1.387853,0.5034,0.496008,0.0
0.3,4,45,manual,1,2,2,1.270755,0.550815,1.208814,0.575,0.571508,0.0716
0.3,4,45,manual,1,3,3,1.07471,0.621556,1.146551,0.5976,0.594382,0.0226
0.3,4,45,manual,1,4,4,0.936446,0.671333,1.079884,0.6234,0.616824,0.0258
0.3,4,45,manual,2,1,5,0.788234,0.723357,1.065035,0.6398,0.640411,0.0164
0.3,4,45,manual,2,2,6,0.665987,0.765286,1.103113,0.6262,0.623013,-0.0136
0.3,4,45,manual,2,3,7,0.576854,0.796714,1.132296,0.6358,0.631079,0.0096
0.3,4,45,manual,2,4,8,0.466388,0.837143,1.190169,0.6352,0.633004,-0.0006
0.3,4,45,manual,3,1,9,0.654736,0.769724,1.097812,0.623,0.621308,-0.0122
0.3,4,45,manual,3,2,10,0.553083,0.807862,1.118659,0.6322,0.631092,0.0092
0.3,4,45,manual,3,3,11,0.445428,0.845379,1.206272,0.6222,0.614609,-0.01
0.3,4,45,manual,3,4,12,0.375794,0.867517,1.226783,0.6378,0.63368,0.0156
0.3,4,45,pso,1,1,1,1.672882,0.394593,1.421141,0.4862,0.469727,0.0
0.3,4,45,pso,1,2,2,1.278403,0.547407,1.334733,0.5256,0.522353,0.0394
0.3,4,45,pso,1,3,3,1.089381,0.617778,1.156002,0.5896,0.59383,0.064
0.3,4,45,pso,1,4,4,0.952428,0.668148,1.124906,0.608,0.603599,0.0184
0.3,4,45,pso,2,1,5,0.794863,0.719897,1.083384,0.623,0.618198,0.015
0.3,4,45,pso,2,2,6,0.688845,0.758825,1.08074,0.631,0.622833,0.008
0.3,4,45,pso,2,3,7,0.583519,0.795591,1.104878,0.6398,0.635984,0.0088
0.3,4,45,pso,2,4,8,0.489562,0.833752,1.173905,0.6338,0.630019,-0.006
0.3,4,45,pso,3,1,9,0.471432,0.83597,1.174091,0.6322,0.631942,-0.0016
0.3,4,45,pso,3,2,10,0.377355,0.872693,1.204747,0.623,0.622124,-0.0092
0.3,4,45,pso,3,3,11,0.295576,0.901701,1.331672,0.6272,0.627641,0.0042
0.3,4,45,pso,3,4,12,0.225773,0.925897,1.465643,0.6282,0.630241,0.001
0.3,5,46,manual,1,1,1,1.62758,0.41237,1.345986,0.524,0.520632,0.0
0.3,5,46,manual,1,2,2,1.231003,0.561852,1.250623,0.556,0.563261,0.032
0.3,5,46,manual,1,3,3,1.060641,0.626444,1.142456,0.6,0.596381,0.044
0.3,5,46,manual,1,4,4,0.910311,0.677407,1.066956,0.6254,0.622711,0.0254
0.3,5,46,manual,2,1,5,0.754514,0.736429,1.105104,0.6184,0.615534,-0.007
0.3,5,46,manual,2,2,6,0.626013,0.781071,1.061077,0.6508,0.647537,0.0324
0.3,5,46,manual,2,3,7,0.510989,0.821286,1.12629,0.6442,0.640289,-0.0066
0.3,5,46,manual,2,4,8,0.410228,0.861714,1.219755,0.6326,0.633003,-0.0116
0.3,5,46,manual,3,1,9,0.515469,0.81931,1.137073,0.6296,0.629425,-0.003
0.3,5,46,manual,3,2,10,0.399114,0.865172,1.236515,0.6286,0.625786,-0.001
0.3,5,46,manual,3,3,11,0.302105,0.900138,1.358416,0.6284,0.629797,-0.0002
0.3,5,46,manual,3,4,12,0.226928,0.923862,1.472097,0.6166,0.613245,-0.0118
0.3,5,46,pso,1,1,1,1.648741,0.406074,1.352317,0.518,0.519115,0.0
0.3,5,46,pso,1,2,2,1.268817,0.549037,1.219823,0.5628,0.559637,0.0448
0.3,5,46,pso,1,3,3,1.088763,0.616667,1.147749,0.595,0.594067,0.0322
0.3,5,46,pso,1,4,4,0.947397,0.667704,1.170722,0.5846,0.582147,-0.0104
0.3,5,46,pso,2,1,5,0.934994,0.674592,1.078782,0.6274,0.626202,0.0428
0.3,5,46,pso,2,2,6,0.803722,0.719681,1.07345,0.6314,0.631527,0.004
0.3,5,46,pso,2,3,7,0.691597,0.759116,1.089711,0.63,0.62154,-0.0014
0.3,5,46,pso,2,4,8,0.578138,0.797825,1.141849,0.6406,0.634925,0.0106
0.3,5,46,pso,3,1,9,0.4698,0.841093,1.207207,0.6426,0.643236,0.002
0.3,5,46,pso,3,2,10,0.36861,0.875231,1.270026,0.6384,0.633418,-0.0042
0.3,5,46,pso,3,3,11,0.289671,0.904613,1.325461,0.633,0.633639,-0.0054
0.3,5,46,pso,3,4,12,0.207712,0.932647,1.502923,0.6358,0.639056,0.0028
0.5,1,42,manual,1,1,1,1.539066,0.448622,1.256181,0.5502,0.542298,0.0
0.5,1,42,manual,1,2,2,1.154055,0.592133,1.105816,0.6114,0.608847,0.0612
0.5,1,42,manual,1,3,3,0.99072,0.652978,1.01592,0.6326,0.632888,0.0212
0.5,1,42,manual,1,4,4,0.872344,0.694,0.995399,0.651,0.647163,0.0184
0.5,1,42,manual,2,1,5,0.757221,0.736026,0.977744,0.6638,0.6626,0.0128
0.5,1,42,manual,2,2,6,0.653042,0.771441,0.951871,0.6732,0.676906,0.0094
0.5,1,42,manual,2,3,7,0.570226,0.805066,0.97757,0.6716,0.669051,-0.0016
0.5,1,42,manual,2,4,8,0.477525,0.83476,1.054806,0.6696,0.668716,-0.002
0.5,1,42,manual,3,1,9,0.561358,0.805665,1.019704,0.6638,0.66154,-0.0058
0.5,1,42,manual,3,2,10,0.468664,0.838927,1.085354,0.6534,0.65289,-0.0104
0.5,1,42,manual,3,3,11,0.392971,0.866738,1.080565,0.6722,0.670035,0.0188
0.5,1,42,manual,3,4,12,0.319083,0.892618,1.094943,0.6784,0.68103,0.0062
0.5,1,42,pso,1,1,1,1.536172,0.450756,1.254367,0.5504,0.538951,0.0
0.5,1,42,pso,1,2,2,1.135438,0.600044,1.092245,0.6128,0.615841,0.0624
0.5,1,42,pso,1,3,3,0.966368,0.658356,1.037124,0.6362,0.630156,0.0234
0.5,1,42,pso,1,4,4,0.843973,0.704622,0.976043,0.6644,0.663711,0.0282
0.5,1,42,pso,2,1,5,0.719865,0.747048,0.977481,0.6668,0.668263,0.0024
0.5,1,42,pso,2,2,6,0.618081,0.783524,0.977078,0.6816,0.682436,0.0148
0.5,1,42,pso,2,3,7,0.531643,0.812423,0.97451,0.6834,0.682732,0.0018
0.5,1,42,pso,2,4,8,0.445394,0.845022,1.014516,0.6878,0.687552,0.0044
0.5,1,42,pso,3,1,9,0.362356,0.876376,1.123545,0.675,0.673843,-0.0128
0.5,1,42,pso,3,2,10,0.284745,0.903188,1.1832,0.681,0.680765,0.006
0.5,1,42,pso,3,3,11,0.220519,0.926638,1.328369,0.6742,0.673334,-0.0068
0.5,1,42,pso,3,4,12,0.176092,0.941223,1.459034,0.6672,0.667475,-0.007
0.5,2,43,manual,1,1,1,1.51156,0.454044,1.249947,0.5574,0.556108,0.0
0.5,2,43,manual,1,2,2,1.105128,0.608356,1.085406,0.618,0.611501,0.0606
0.5,2,43,manual,1,3,3,0.918599,0.676622,1.037998,0.6416,0.635466,0.0236
0.5,2,43,manual,1,4,4,0.784952,0.725822,0.987443,0.6566,0.658897,0.015
0.5,2,43,manual,2,1,5,0.627074,0.783966,1.013351,0.656,0.654517,-0.0006
0.5,2,43,manual,2,2,6,0.513615,0.819578,1.027964,0.6784,0.675736,0.0224
0.5,2,43,manual,2,3,7,0.404286,0.858776,1.109911,0.6634,0.661423,-0.015
0.5,2,43,manual,2,4,8,0.308913,0.894895,1.223793,0.6664,0.662987,0.003
0.5,2,43,manual,3,1,9,0.400061,0.857992,1.100727,0.6692,0.670905,0.0028
0.5,2,43,manual,3,2,10,0.301119,0.896466,1.235957,0.6544,0.656748,-0.0148
0.5,2,43,manual,3,3,11,0.22099,0.923173,1.360345,0.6554,0.654505,0.001
0.5,2,43,manual,3,4,12,0.175809,0.940281,1.450061,0.6572,0.655019,0.0018
0.5,2,43,pso,1,1,1,1.525844,0.453956,1.317834,0.5236,0.501365,0.0
0.5,2,43,pso,1,2,2,1.103295,0.608044,1.084182,0.613,0.611109,0.0894
0.5,2,43,pso,1,3,3,0.916329,0.678089,1.002194,0.6488,0.643667,0.0358
0.5,2,43,pso,1,4,4,0.769937,0.731022,1.020308,0.6546,0.654769,0.0058
0.5,2,43,pso,2,1,5,0.619749,0.781198,0.967983,0.671,0.670912,0.0164
0.5,2,43,pso,2,2,6,0.501181,0.824079,1.022695,0.667,0.664274,-0.004
0.5,2,43,pso,2,3,7,0.392507,0.865437,1.083198,0.6672,0.663244,0.0002
0.5,2,43,pso,2,4,8,0.294182,0.900199,1.264585,0.6612,0.661087,-0.006
0.5,2,43,pso,3,1,9,0.487252,0.826853,1.015578,0.6652,0.667767,0.004
0.5,2,43,pso,3,2,10,0.377727,0.869243,1.142881,0.65,0.648844,-0.0152
0.5,2,43,pso,3,3,11,0.284895,0.90413,1.161782,0.674,0.670978,0.024
0.5,2,43,pso,3,4,12,0.202859,0.931153,1.337408,0.662,0.663532,-0.012
0.5,3,44,manual,1,1,1,1.514046,0.452578,1.266777,0.5536,0.54513,0.0
0.5,3,44,manual,1,2,2,1.108806,0.607556,1.053467,0.6206,0.617857,0.067
0.5,3,44,manual,1,3,3,0.924615,0.674667,1.032363,0.6404,0.643731,0.0198
0.5,3,44,manual,1,4,4,0.77678,0.725911,0.967527,0.661,0.657907,0.0206
0.5,3,44,manual,2,1,5,0.618329,0.780802,0.976866,0.6728,0.675611,0.0118
0.5,3,44,manual,2,2,6,0.496372,0.8227,1.072805,0.6608,0.655034,-0.012
0.5,3,44,manual,2,3,7,0.387339,0.861857,1.096373,0.6764,0.674966,0.0156
0.5,3,44,manual,2,4,8,0.293475,0.8973,1.227191,0.6686,0.664958,-0.0078
0.5,3,44,manual,3,1,9,0.299245,0.895863,1.203651,0.6714,0.672112,0.0028
0.5,3,44,manual,3,2,10,0.204519,0.928273,1.373364,0.6624,0.666195,-0.009
0.5,3,44,manual,3,3,11,0.163224,0.943614,1.548199,0.6584,0.654967,-0.004
0.5,3,44,manual,3,4,12,0.111865,0.962771,1.686345,0.6526,0.656213,-0.0058
0.5,3,44,pso,1,1,1,1.543861,0.440844,1.239503,0.5584,0.550756,0.0
0.5,3,44,pso,1,2,2,1.164939,0.583111,1.093653,0.6112,0.612438,0.0528
0.5,3,44,pso,1,3,3,0.989763,0.651733,1.014984,0.6468,0.642501,0.0356
0.5,3,44,pso,1,4,4,0.868394,0.694667,1.000627,0.6508,0.646478,0.004
0.5,3,44,pso,2,1,5,0.733377,0.741541,0.972258,0.667,0.666165,0.0162
0.5,3,44,pso,2,2,6,0.637613,0.777474,0.94837,0.6812,0.683444,0.0142
0.5,3,44,pso,2,3,7,0.545955,0.809214,0.981327,0.6848,0.682514,0.0036
0.5,3,44,pso,2,4,8,0.467253,0.83749,1.019632,0.6816,0.675729,-0.0032
0.5,3,44,pso,3,1,9,0.458285,0.841634,1.0529,0.6776,0.674589,-0.004
0.5,3,44,pso,3,2,10,0.366686,0.873835,1.076977,0.6784,0.680624,0.0008
0.5,3,44,pso,3,3,11,0.301439,0.898862,1.124855,0.677,0.677799,-0.0014
0.5,3,44,pso,3,4,12,0.230452,0.924466,1.223488,0.6782,0.678125,0.0012
0.5,4,45,manual,1,1,1,1.6001,0.425022,1.389183,0.5108,0.502945,0.0
0.5,4,45,manual,1,2,2,1.228779,0.560711,1.238993,0.5636,0.549195,0.0528
0.5,4,45,manual,1,3,3,1.049962,0.629467,1.108994,0.6094,0.601451,0.0458
0.5,4,45,manual,1,4,4,0.922479,0.677511,1.062416,0.6326,0.634532,0.0232
0.5,4,45,manual,2,1,5,0.811646,0.714148,1.02823,0.6494,0.644673,0.0168
0.5,4,45,manual,2,2,6,0.721623,0.749913,0.997253,0.6634,0.662677,0.014
0.5,4,45,manual,2,3,7,0.639725,0.77821,1.012032,0.6642,0.665113,0.0008
0.5,4,45,manual,2,4,8,0.558547,0.806376,1.036553,0.6602,0.661321,-0.004
0.5,4,45,manual,3,1,9,0.552952,0.807983,1.085751,0.6528,0.653226,-0.0074
0.5,4,45,manual,3,2,10,0.472635,0.836352,1.132754,0.655,0.657097,0.0022
0.5,4,45,manual,3,3,11,0.403106,0.859957,1.182054,0.6538,0.654591,-0.0012
0.5,4,45,manual,3,4,12,0.330044,0.887811,1.242133,0.6542,0.65668,0.0004
0.5,4,45,pso,1,1,1,1.52896,0.451556,1.3071,0.5432,0.541205,0.0
0.5,4,45,pso,1,2,2,1.162225,0.588133,1.109186,0.5996,0.593178,0.0564
0.5,4,45,pso,1,3,3,0.989763,0.652133,1.010023,0.6484,0.64715,0.0488
0.5,4,45,pso,1,4,4,0.847299,0.702711,0.978236,0.6538,0.651332,0.0054
0.5,4,45,pso,2,1,5,0.712355,0.753321,0.97588,0.6572,0.653799,0.0034
0.5,4,45,pso,2,2,6,0.599147,0.79202,1.009174,0.6636,0.665666,0.0064
0.5,4,45,pso,2,3,7,0.506031,0.825319,1.098919,0.6614,0.658436,-0.0022
0.5,4,45,pso,2,4,8,0.404215,0.861404,1.094532,0.6696,0.671688,0.0082
0.5,4,45,pso,3,1,9,0.309095,0.893785,1.176141,0.6668,0.666757,-0.0028
0.5,4,45,pso,3,2,10,0.232067,0.921591,1.348903,0.6592,0.659222,-0.0076
0.5,4,45,pso,3,3,11,0.168481,0.944844,1.464093,0.6526,0.652347,-0.0066
0.5,4,45,pso,3,4,12,0.133028,0.95614,1.597178,0.6604,0.658373,0.0078
0.5,5,46,manual,1,1,1,1.483149,0.470489,1.253035,0.5554,0.550725,0.0
0.5,5,46,manual,1,2,2,1.113278,0.609556,1.109259,0.6142,0.612044,0.0588
0.5,5,46,manual,1,3,3,0.94002,0.674133,0.993864,0.6498,0.647578,0.0356
0.5,5,46,manual,1,4,4,0.796445,0.722311,0.948304,0.6684,0.664314,0.0186
0.5,5,46,manual,2,1,5,0.66269,0.766478,0.963328,0.6624,0.662563,-0.006
0.5,5,46,manual,2,2,6,0.543022,0.81287,0.974024,0.6832,0.681731,0.0208
0.5,5,46,manual,2,3,7,0.435416,0.850348,1.11112,0.6622,0.657827,-0.021
0.5,5,46,manual,2,4,8,0.332729,0.885435,1.133276,0.6652,0.66871,0.003
0.5,5,46,manual,3,1,9,0.435453,0.847404,1.044418,0.6734,0.675758,0.0082
0.5,5,46,manual,3,2,10,0.319919,0.89,1.102544,0.6656,0.667516,-0.0078
0.5,5,46,manual,3,3,11,0.244377,0.915404,1.317345,0.654,0.654062,-0.0116
0.5,5,46,manual,3,4,12,0.177411,0.942128,1.451399,0.6536,0.65621,-0.0004
0.5,5,46,pso,1,1,1,1.484676,0.464311,1.254182,0.5556,0.539822,0.0
0.5,5,46,pso,1,2,2,1.107548,0.606844,1.058616,0.6256,0.622148,0.07
0.5,5,46,pso,1,3,3,0.909973,0.676533,1.042832,0.6358,0.623921,0.0102
0.5,5,46,pso,1,4,4,0.760566,0.731911,0.955483,0.674,0.671739,0.0382
0.5,5,46,pso,2,1,5,0.614381,0.781928,1.018155,0.6682,0.668404,-0.0058
0.5,5,46,pso,2,2,6,0.480524,0.833048,1.073513,0.6754,0.676795,0.0072
0.5,5,46,pso,2,3,7,0.378579,0.86593,1.179233,0.6642,0.660416,-0.0112
0.5,5,46,pso,2,4,8,0.274911,0.904336,1.360696,0.6608,0.657983,-0.0034
0.5,5,46,pso,3,1,9,0.385735,0.861926,1.17909,0.6726,0.670999,0.0118
0.5,5,46,pso,3,2,10,0.268287,0.906177,1.321806,0.6602,0.658402,-0.0124
0.5,5,46,pso,3,3,11,0.202959,0.931309,1.43197,0.667,0.663574,0.0068
0.5,5,46,pso,3,4,12,0.159087,0.945497,1.687969,0.6608,0.662745,-0.0062
